MATRICULA;NOME;PIS;CARGA_HORARIA
1;Funcionário 1;123456789001;06:00:00
2;Funcionário 2;123456789002;06:00:00
3;Funcionário 3;123456789003;06:00:00
4;Funcionário 4;123456789004;06:00:00
5;Funcionário 5;123456789005;06:00:00
6;Funcionário 6;123456789006;06:00:00
7;Funcionário 7;123456789007;06:00:00
8;Funcionário 8;123456789008;06:00:00
9;Funcionário 9;123456789009;06:00:00
10;Funcionário 10;123456789010;06:00:00
11;Funcionário 11;123456789011;06:00:00
12;Funcionário 12;123456789012;06:00:00
13;Funcionário 13;123456789013;06:00:00
14;Funcionário 14;123456789014;06:00:00
15;Funcionário 15;123456789015;06:00:00
16;Funcionário 16;123456789016;06:00:00
17;Funcionário 17;123456789017;06:00:00
18;Funcionário 18;123456789018;06:00:00
19;Funcionário 19;123456789019;06:00:00
20;Funcionário 20;123456789020;06:00:00
21;Funcionário 21;123456789021;06:00:00
22;Funcionário 22;123456789022;06:00:00
23;Funcionário 23;123456789023;06:00:00
24;Funcionário 24;123456789024;06:00:00
25;Funcionário 25;123456789025;06:00:00
26;Funcionário 26;123456789026;06:00:00
27;Funcionário 27;123456789027;06:00:00
28;Funcionário 28;123456789028;06:00:00
29;Funcionário 29;123456789029;06:00:00
30;Funcionário 30;123456789030;06:00:00
31;Funcionário 31;123456789031;06:00:00
32;Funcionário 32;123456789032;06:00:00
33;Funcionário 33;123456789033;06:00:00
34;Funcionário 34;123456789034;06:00:00
35;Funcionário 35;123456789035;06:00:00
36;Funcionário 36;123456789036;06:00:00
37;Funcionário 37;123456789037;06:00:00
38;Funcionário 38;123456789038;06:00:00
39;Funcionário 39;123456789039;06:00:00
40;Funcionário 40;123456789040;07:00:00
41;Funcionário 41;123456789041;07:00:00
42;Funcionário 42;123456789042;07:00:00
43;Funcionário 43;123456789043;07:00:00
44;Funcionário 44;123456789044;07:00:00
45;Funcionário 45;123456789045;07:00:00
46;Funcionário 46;123456789046;07:00:00
47;Funcionário 47;123456789047;07:00:00
48;Funcionário 48;123456789048;07:00:00
49;Funcionário 49;123456789049;07:00:00
